Source IP,Destination IP,Destination Port,Flow Duration,Total Fwd Packets,Total Backward Packets,Total Length of Fwd Packets,Total Length of Bwd Packets,Fwd Packet Length Max,Fwd Packet Length Min,Fwd Packet Length Mean,Fwd Packet Length Std,Bwd Packet Length Max,Bwd Packet Length Min,Bwd Packet Length Mean,Bwd Packet Length Std,Flow Bytes/s,Flow Packets/s,Flow IAT Mean,Flow IAT Std,Flow IAT Max,Flow IAT Min,Fwd IAT Total,Fwd IAT Mean,Fwd IAT Std,Fwd IAT Max,Fwd IAT Min,Bwd IAT Total,Bwd IAT Mean,Bwd IAT Std,Bwd IAT Max,Bwd IAT Min,Fwd PSH Flags,Fwd URG Flags,Fwd Header Length,Bwd Header Length,Fwd Packets/s,Bwd Packets/s,Min Packet Length,Max Packet Length,Packet Length Mean,Packet Length Std,Packet Length Variance,FIN Flag Count,SYN Flag Count,RST Flag Count,PSH Flag Count,ACK Flag Count,URG Flag Count,CWE Flag Count,ECE Flag Count,Down/Up Ratio,Average Packet Size,Avg Fwd Segment Size,Avg Bwd Segment Size,Fwd Header Length.1,Subflow Fwd Packets,Subflow Fwd Bytes,Subflow Bwd Packets,Subflow Bwd Bytes,Init_Win_bytes_forward,Init_Win_bytes_backward,act_data_pkt_fwd,min_seg_size_forward,Active Mean,Active Std,Active Max,Active Min,Idle Mean,Idle Std,Idle Max,Idle Min,prediction,description,confidence,timestamp
192.168.100.23,151.101.193.229,443,80051,4,1,664.0,0.0,664.0,0.0,166.0,332.0,0.0,0.0,0.0,0.0,8294.712121022849,62.4601816342082,20012.75,23062.445033358166,46937.0,67.0,80051.0,26683.666666666668,23107.4135362081,47004.0,1548.0,0.0,0.0,0.0,0.0,0.0,0,0,136,40,49.96814530736656,12.49203632684164,0.0,664.0,110.66666666666669,271.07686486800503,73482.66666666667,1,2,0,1,4,0,0,0,0.0,132.8,166.0,0.0,0,0,132,0,0,64240,65535,1,32,0,0,0,0,0,0,0,0,BENIGN,Trafic normal,0.602272592747866,2025-06-15 17:16:49
192.168.100.23,104.26.8.123,443,73475,4,1,666.0,0.0,666.0,0.0,166.5,333.0,0.0,0.0,0.0,0.0,9064.307587614836,68.05035726437563,18368.75,20757.0601061422,42307.0,280.0,73475.0,24491.666666666668,20813.18393070444,42587.0,1747.0,0.0,0.0,0.0,0.0,0.0,0,0,136,40,54.44028581150051,13.610071452875127,0.0,666.0,111.0,271.89336144893275,73926.0,1,2,0,1,4,0,0,0,0.0,133.2,166.5,0.0,0,0,133,0,0,64240,65535,1,32,0,0,0,0,0,0,0,0,BENIGN,Trafic normal,0.602272592747866,2025-06-15 17:16:50
151.101.193.229,192.168.100.23,33388,29481,6,2,5086.0,0.0,2752.0,0.0,847.6666666666667,1311.4074373232245,0.0,0.0,0.0,0.0,172517.8928801601,271.3612156982463,4211.571428571429,11055.581876095332,29283.0,1.0,29481.0,5896.2,13181.508931074624,29476.0,1.0,141.0,141.0,0.0,141.0,141.0,0,0,192,40,203.5209117736848,67.84030392456158,0.0,2752.0,565.1111111111111,1120.0460308001236,1254503.1111111112,1,0,2,3,6,0,0,0,0.0,635.75,847.6666666666666,0.0,0,0,635,0,0,273,0,3,32,0,0,0,0,0,0,0,0,BENIGN,Trafic normal,0.3235687176967135,2025-06-15 17:16:51
104.26.8.123,192.168.100.23,47396,31529,3,1,3187.0,0.0,3187.0,0.0,1062.3333333333337,1840.0153079073373,0.0,0.0,0.0,0.0,101081.54397538771,126.8673284912303,10509.666666666666,15381.375176925285,28168.0,30.0,31529.0,15764.5,17583.624327765876,28198.0,3331.0,0.0,0.0,0.0,0.0,0.0,0,0,96,20,95.15049636842272,31.71683212280757,0.0,3187.0,637.4,1425.269728858366,2031393.8,1,0,1,1,3,0,0,0,0.0,796.75,1062.3333333333333,0.0,0,0,796,0,0,16,0,1,32,0,0,0,0,0,0,0,0,BENIGN,Trafic normal,0.5355119684511906,2025-06-15 17:16:52
192.168.100.23,104.26.8.123,443,201738,10,5,863.0,3729.0,666.0,0.0,86.3,206.99761136571385,3186.0,0.0,745.8,1381.3591857297652,22762.196512308044,74.35386491389822,14409.857142857143,20991.25686440078,53946.0,1.0,201738.0,22415.33333333333,22767.43421534364,53946.0,96.0,152622.0,38155.5,47636.00177386847,98685.0,1.0,0,0,328,168,49.56924327593215,24.78462163796608,0.0,3186.0,287.0,798.1606354613086,637060.4,1,2,0,7,14,0,0,0,0.0,306.1333333333333,86.3,745.8,0,0,57,0,248,64240,16,4,32,0,0,0,0,0,0,0,0,BENIGN,Trafic normal,0.5843552605630609,2025-06-15 17:16:53
192.168.100.23,34.149.100.209,443,252688,10,5,882.0,3789.0,685.0,0.0,88.2,212.91250159005068,2800.0,0.0,757.8,1171.3518685689626,18485.246628253022,59.36174254416513,18049.14285714286,32421.228351562742,114198.0,0.0,252688.0,28076.444444444445,38470.09572743194,114198.0,77.0,200458.0,50114.5,68829.10719794837,149935.0,0.0,0,0,328,168,39.57449502944342,19.78724751472171,0.0,2800.0,291.93750000000006,706.2437226859672,498780.19583333336,1,2,0,7,14,0,0,0,0.0,311.4,88.2,757.8,0,0,58,0,252,64240,1048,4,32,0,0,0,0,0,0,0,0,BENIGN,Trafic normal,0.5843552605630609,2025-06-15 17:16:54
34.149.100.209,192.168.100.23,58236,33211,2,1,31.0,0.0,31.0,0.0,15.5,21.920310216782973,0.0,0.0,0.0,0.0,933.4256722170364,90.33151666616484,16605.5,23414.42684543015,33162.0,49.0,33211.0,33211.0,0.0,33211.0,33211.0,0.0,0.0,0.0,0.0,0.0,1,0,64,20,60.22101111077655,30.11050555538828,0.0,31.0,15.499999999999998,17.897858344878397,320.3333333333333,1,0,1,1,2,0,0,0,0.0,20.666666666666668,15.5,0.0,0,0,10,0,0,1048,0,0,32,0,0,0,0,0,0,0,0,BENIGN,Trafic normal,0.5602932733047739,2025-06-15 17:16:55
192.168.100.23,142.251.37.234,443,1410028,302,394,1627.0,6699065.0,675.0,0.0,5.387417218543046,53.44005466386157,64400.0,0.0,17002.703045685284,17712.31391948358,4752169.460464614,493.6072191474212,2028.817266187051,19224.3408127712,444969.0,-6.0,1410028.0,4684.478405315615,30086.569798228888,444969.0,35.0,1150820.0,2928.295165394403,25155.16964435192,488456.0,1.0,0,0,9708,12616,214.180143940404,279.42707520701714,0.0,64400.0,9613.618364418944,15755.838586137554,248246449.552421,1,2,0,330,695,0,0,0,1.0,9627.43103448276,5.387417218543046,17002.70304568528,0,0,2,0,9625,64240,1045,9,32,0,0,0,0,0,0,0,0,BENIGN,Trafic normal,0.3120980785809394,2025-06-15 17:16:56
142.251.37.234,192.168.100.23,54612,890,3,0,0.0,0.0,0.0,0.0,0.0,0.0,0.0,0.0,0.0,0.0,0.0,3370.786516853933,445.0,629.3250352560273,890.0,0.0,890.0,445.0,629.3250352560273,890.0,0.0,0.0,0.0,0.0,0.0,0.0,0,0,96,0,3370.786516853933,0.0,0.0,0.0,0.0,0.0,0.0,1,0,0,0,3,0,0,0,0.0,0.0,0.0,0.0,0,1,0,0,0,1045,0,0,32,0,0,0,0,0,0,0,0,BENIGN,Trafic normal,0.4991672124294523,2025-06-15 17:16:57
192.168.100.23,34.117.14.220,443,167096,10,5,869.0,3697.0,672.0,0.0,86.9,208.86489519410492,2800.0,0.0,739.4,1179.640114611232,27325.60923062192,89.76875568535453,11935.42857142857,17656.17043465492,54594.0,1.0,167096.0,18566.222222222223,19822.2677485308,54594.0,172.0,127430.0,31857.5,42568.93662832872,90896.0,1.0,0,0,328,168,59.84583712356969,29.922918561784844,0.0,2800.0,285.375,705.449254021861,497658.65,1,2,0,7,14,0,0,0,0.0,304.4,86.9,739.4,0,0,57,0,246,64240,1048,4,32,0,0,0,0,0,0,0,0,BENIGN,Trafic normal,0.5843552605630609,2025-06-15 17:16:58
34.117.14.220,192.168.100.23,41652,27894,2,1,31.0,0.0,31.0,0.0,15.5,21.920310216782973,0.0,0.0,0.0,0.0,1111.3501111350113,107.55001075500108,13947.0,19656.15430342365,27846.0,48.0,27894.0,27894.0,0.0,27894.0,27894.0,0.0,0.0,0.0,0.0,0.0,1,0,64,20,71.70000717000072,35.85000358500036,0.0,31.0,15.499999999999998,17.897858344878397,320.3333333333333,1,0,1,1,2,0,0,0,0.0,20.666666666666668,15.5,0.0,0,0,10,0,0,1048,0,0,32,0,0,0,0,0,0,0,0,BENIGN,Trafic normal,0.5704121738398252,2025-06-15 17:16:59
192.168.100.23,151.101.193.229,443,62031,2,1,0.0,0.0,0.0,0.0,0.0,0.0,0.0,0.0,0.0,0.0,0.0,48.36291531653528,31015.5,43813.04326909967,61996.0,35.0,62031.0,62031.0,0.0,62031.0,62031.0,0.0,0.0,0.0,0.0,0.0,0,0,60,40,32.24194354435685,16.120971772178425,0.0,0.0,0.0,0.0,0.0,0,2,1,0,1,0,0,0,0.0,0.0,0.0,0.0,0,0,0,0,0,64240,65535,0,20,0,0,0,0,0,0,0,0,BENIGN,Trafic normal,0.7458805272097939,2025-06-15 17:17:00
192.168.100.23,34.107.221.82,80,76823,4,3,310.0,216.0,310.0,0.0,77.5,155.0,216.0,0.0,72.0,124.70765814495915,6846.907827083035,91.11854522734076,12803.833333333334,18665.977814373044,37291.0,48.0,76823.0,25607.666666666668,21174.61292050774,38286.0,1163.0,39484.0,19742.0,25430.388278593,37724.0,1760.0,0,0,136,104,52.06774012990901,39.05080509743176,0.0,310.0,65.75,124.31038343023252,15453.07142857143,0,2,0,2,6,0,0,0,0.0,75.14285714285714,77.5,72.0,0,0,44,0,30,64240,1050,1,32,0,0,0,0,0,0,0,0,BENIGN,Trafic normal,0.6861042691997908,2025-06-15 17:17:01
192.168.100.23,151.101.193.229,443,79723,6,4,664.0,5062.0,664.0,0.0,110.66666666666669,271.07686486800503,2752.0,0.0,1265.5,1472.3725751317158,71823.68952498025,125.43431632025889,8858.111111111111,12860.077696542548,31566.0,1.0,79723.0,15944.6,15000.653012452492,33778.0,142.0,41970.0,13990.0,24228.7927268364,41967.0,1.0,0,0,200,136,75.26058979215533,50.17372652810356,0.0,2752.0,520.5454545454545,1018.3249347468974,1036985.6727272728,0,2,1,3,9,0,0,0,0.0,572.6,110.66666666666669,1265.5,0,0,66,0,506,64240,273,1,32,0,0,0,0,0,0,0,0,BENIGN,Trafic normal,0.5916108653981651,2025-06-15 17:17:02
192.168.100.23,34.110.207.168,443,401917,15,13,1917.0,4287.0,1015.0,0.0,127.80000000000004,299.6724878930329,2800.0,0.0,329.7692307692308,765.702091095285,15436.022860441331,69.66612509547991,14885.814814814818,19763.30340659957,67464.0,1.0,368433.0,26316.64285714286,31555.73734157276,86907.0,81.0,334453.0,27871.08333333333,28116.932690133806,77411.0,1.0,0,0,500,424,37.3211384440071,32.344986651472816,0.0,2800.0,213.93103448275863,554.9881550238244,308011.85221674864,0,2,0,14,27,0,0,0,0.0,221.57142857142856,127.8,329.7692307692308,0,0,68,0,153,64240,1045,6,32,0,0,0,0,0,0,0,0,BENIGN,Trafic normal,0.4567210522883125,2025-06-15 17:17:03
192.168.100.23,34.149.100.209,443,3779,2,1,0.0,0.0,0.0,0.0,0.0,0.0,0.0,0.0,0.0,0.0,0.0,793.860809738026,1889.5,2633.972759919889,3752.0,27.0,3779.0,3779.0,0.0,3779.0,3779.0,0.0,0.0,0.0,0.0,0.0,0,0,40,32,529.2405398253507,264.6202699126753,0.0,0.0,0.0,0.0,0.0,0,0,2,0,1,0,0,0,0.0,0.0,0.0,0.0,0,0,0,0,0,0,1048,0,20,0,0,0,0,0,0,0,0,BENIGN,Trafic normal,0.6222778132695469,2025-06-15 17:17:04
192.168.100.23,142.251.37.234,443,1190,1,1,0.0,0.0,0.0,0.0,0.0,0.0,0.0,0.0,0.0,0.0,0.0,1680.672268907563,1190.0,0.0,1190.0,1190.0,0.0,0.0,0.0,0.0,0.0,0.0,0.0,0.0,0.0,0.0,0,0,32,32,840.3361344537815,840.3361344537815,0.0,0.0,0.0,0.0,0.0,0,0,0,0,2,0,0,0,1.0,0.0,0.0,0.0,0,0,0,0,0,32170,1045,0,32,0,0,0,0,0,0,0,0,BENIGN,Trafic normal,0.7401626341997236,2025-06-15 17:17:05
192.168.100.23,34.117.14.220,443,36260,2,1,0.0,0.0,0.0,0.0,0.0,0.0,0.0,0.0,0.0,0.0,0.0,82.7357970215113,18130.0,25576.052275517424,36215.0,45.0,36260.0,36260.0,0.0,36260.0,36260.0,0.0,0.0,0.0,0.0,0.0,0,0,60,40,55.15719801434087,27.578599007170435,0.0,0.0,0.0,0.0,0.0,0,2,1,0,1,0,0,0,0.0,0.0,0.0,0.0,0,0,0,0,0,64240,65535,0,20,0,0,0,0,0,0,0,0,BENIGN,Trafic normal,0.7458805272097939,2025-06-15 17:17:06
192.168.100.23,34.36.137.203,443,4512296,5,0,6785.0,0.0,1357.0,1357.0,1357.0,0.0,0.0,0.0,0.0,0.0,1503.6690855387146,1.1080833349585222,1128074.0,933532.969272823,2400637.0,285729.0,4512296.0,1128074.0,933532.969272823,2400637.0,285729.0,0.0,0.0,0.0,0.0,0.0,0,0,40,0,1.1080833349585222,0.0,1357.0,1357.0,1357.0,0.0,0.0,0,0,0,0,0,0,0,0,0.0,1628.4,1357.0,0.0,0,1,1357,0,0,0,0,4,8,0,0,0,0,0,0,0,0,BENIGN,Trafic normal,0.37065372572821714,2025-06-15 17:17:07
192.168.100.23,34.36.137.203,443,356466,12,10,1100.0,3880.0,676.0,0.0,91.66666666666669,193.1529461490572,2800.0,0.0,388.0,870.5394240865194,13970.476847721802,61.71696599395174,16974.571428571428,39661.92354963564,182639.0,1.0,325588.0,29598.90909090909,53870.46184219056,182639.0,90.0,325601.0,36177.88888888889,67398.66565156249,213596.0,1.0,0,0,392,328,33.663799633064585,28.05316636088716,0.0,2800.0,216.5217391304348,593.8676673503203,352678.8063241107,0,2,0,11,21,0,0,0,0.0,226.3636363636364,91.66666666666669,388.0,0,0,50,0,176,64240,1048,6,32,0,0,0,0,0,0,0,0,BENIGN,Trafic normal,0.5054742825253675,2025-06-15 17:17:08
192.168.100.23,216.58.205.195,80,205828,4,3,433.0,1102.0,433.0,0.0,108.25,216.5,1102.0,0.0,367.3333333333333,636.2399966469676,7457.683114056396,34.00897837028975,34304.66666666667,46366.91849871702,118500.0,14.0,205828.0,68609.33333333334,81296.90055797536,158575.0,414.0,159307.0,79653.5,54937.247150726434,118500.0,40807.0,0,0,136,104,19.43370192587986,14.575276444409894,0.0,1102.0,191.875,397.7373280732613,158194.98214285713,0,2,0,2,6,0,0,0,0.0,219.28571428571428,108.25,367.3333333333333,0,0,61,0,157,64240,1050,1,32,0,0,0,0,0,0,0,0,BENIGN,Trafic normal,0.6865745358213289,2025-06-15 17:17:09
192.168.100.23,34.117.14.220,443,2746162,5,0,6785.0,0.0,1357.0,1357.0,1357.0,0.0,0.0,0.0,0.0,0.0,2470.720955282318,1.820722885248576,686540.5,365433.5050744526,1202279.0,339556.0,2746162.0,686540.5,365433.5050744526,1202279.0,339556.0,0.0,0.0,0.0,0.0,0.0,0,0,40,0,1.820722885248576,0.0,1357.0,1357.0,1357.0,0.0,0.0,0,0,0,0,0,0,0,0,0.0,1628.4,1357.0,0.0,0,1,1357,0,0,0,0,4,8,0,0,0,0,0,0,0,0,BENIGN,Trafic normal,0.37065372572821714,2025-06-15 17:17:10
192.168.100.23,34.110.207.168,443,2178419,4,0,5428.0,0.0,1357.0,1357.0,1357.0,0.0,0.0,0.0,0.0,0.0,2491.715321983512,1.836194047150709,726139.6666666666,443992.59886887,1205221.0,328516.0,2178419.0,726139.6666666666,443992.59886887,1205221.0,328516.0,0.0,0.0,0.0,0.0,0.0,0,0,32,0,1.836194047150709,0.0,1357.0,1357.0,1357.0,0.0,0.0,0,0,0,0,0,0,0,0,0.0,1696.25,1357.0,0.0,0,1,1357,0,0,0,0,3,8,0,0,0,0,0,0,0,0,BENIGN,Trafic normal,0.37065372572821714,2025-06-15 17:17:11
192.168.100.23,151.101.193.229,443,4716103,5,0,6785.0,0.0,1357.0,1357.0,1357.0,0.0,0.0,0.0,0.0,0.0,1438.6878318815343,1.0601973705832972,1179025.75,991597.9112538088,2558401.0,333128.0,4716103.0,1179025.75,991597.9112538088,2558401.0,333128.0,0.0,0.0,0.0,0.0,0.0,0,0,40,0,1.0601973705832972,0.0,1357.0,1357.0,1357.0,0.0,0.0,0,0,0,0,0,0,0,0,0.0,1628.4,1357.0,0.0,0,1,1357,0,0,0,0,4,8,0,0,0,0,0,0,0,0,BENIGN,Trafic normal,0.37065372572821714,2025-06-15 17:17:12
192.168.100.23,34.110.207.168,443,2221499,4,0,5428.0,0.0,1357.0,1357.0,1357.0,0.0,0.0,0.0,0.0,0.0,2443.395202968806,1.8005860007139325,740499.6666666667,524750.8430344189,1321159.0,300205.0,2221499.0,740499.6666666667,524750.8430344189,1321159.0,300205.0,0.0,0.0,0.0,0.0,0.0,0,0,32,0,1.8005860007139325,0.0,1357.0,1357.0,1357.0,0.0,0.0,0,0,0,0,0,0,0,0,0.0,1696.25,1357.0,0.0,0,1,1357,0,0,0,0,3,8,0,0,0,0,0,0,0,0,BENIGN,Trafic normal,0.37065372572821714,2025-06-15 17:17:13
192.168.100.23,34.117.14.220,443,6157,2,1,0.0,0.0,0.0,0.0,0.0,0.0,0.0,0.0,0.0,0.0,0.0,487.25028422933246,3078.5,4318.3011127062455,6132.0,25.0,6157.0,6157.0,0.0,6157.0,6157.0,0.0,0.0,0.0,0.0,0.0,0,0,40,32,324.83352281955496,162.41676140977748,0.0,0.0,0.0,0.0,0.0,0,0,2,0,1,0,0,0,0.0,0.0,0.0,0.0,0,0,0,0,0,0,1048,0,20,0,0,0,0,0,0,0,0,BENIGN,Trafic normal,0.6222778132695469,2025-06-15 17:17:14
192.168.100.23,34.160.144.191,443,3712692,17,21,917.0,14933.0,252.0,0.0,53.94117647058823,79.43194460372611,2800.0,0.0,711.0952380952382,979.4571917527536,4269.139481540617,10.235160902116307,100343.02702702704,542945.7223338098,3311788.0,1.0,3674475.0,229654.6875,832591.2642295111,3350619.0,181.0,3675429.0,183771.45,747653.1454767734,3356687.0,1.0,0,0,552,680,4.578887771999401,5.656273130116907,0.0,2800.0,406.4102564102564,786.6371703566865,618798.0377867747,0,2,0,23,37,0,0,0,1.0,417.10526315789474,53.94117647058823,711.0952380952381,0,0,24,0,392,64240,1050,8,32,0,0,0,0,0,0,0,0,BENIGN,Trafic normal,0.42046060737639185,2025-06-15 17:17:15
192.168.100.23,34.107.141.31,443,2186269,4,0,5428.0,0.0,1357.0,1357.0,1357.0,0.0,0.0,0.0,0.0,0.0,2482.768588860749,1.8296010234788127,728756.3333333334,441403.83667717857,1206303.0,335713.0,2186269.0,728756.3333333334,441403.83667717857,1206303.0,335713.0,0.0,0.0,0.0,0.0,0.0,0,0,32,0,1.8296010234788127,0.0,1357.0,1357.0,1357.0,0.0,0.0,0,0,0,0,0,0,0,0,0.0,1696.25,1357.0,0.0,0,1,1357,0,0,0,0,3,8,0,0,0,0,0,0,0,0,BENIGN,Trafic normal,0.37065372572821714,2025-06-15 17:17:16
192.168.100.23,104.26.8.123,443,201409,7,6,853.0,3730.0,666.0,0.0,121.85714285714286,242.601476068214,3187.0,0.0,621.6666666666666,1272.8909877388032,22754.6931865011,64.54527851287678,16784.083333333336,22328.40393456621,69828.0,47.0,131581.0,21930.166666666664,16241.859812431168,36768.0,1059.0,172613.0,34522.6,33461.89345808154,70429.0,454.0,0,0,232,200,34.75514996847211,29.79012854440467,0.0,3187.0,327.3571428571429,849.2926112715448,721297.9395604394,0,2,0,7,12,0,0,0,0.0,352.53846153846155,121.85714285714286,621.6666666666666,0,0,65,0,286,64240,16,4,32,0,0,0,0,0,0,0,0,BENIGN,Trafic normal,0.5395508772736763,2025-06-15 17:17:17
192.168.100.23,34.107.141.31,443,375650,14,12,1975.0,4088.0,1075.0,0.0,141.07142857142858,321.8130045385206,2800.0,0.0,340.66666666666663,795.6243212761037,16140.023958471982,69.21336350326102,15025.999999999998,17417.49355772332,59104.0,0.0,339778.0,26136.76923076923,27448.057205546887,78585.0,86.0,316546.0,28776.90909090909,31750.17988123704,97494.0,0.0,0,0,456,392,37.268734194063626,31.944629309197392,0.0,2800.0,224.55555555555543,575.7706095936079,331511.7948717949,0,2,0,13,25,0,0,0,0.0,233.19230769230768,141.07142857142858,340.6666666666667,0,0,75,0,157,64240,1044,6,32,0,0,0,0,0,0,0,0,BENIGN,Trafic normal,0.46671803874420503,2025-06-15 17:17:18
192.168.100.23,34.36.137.203,443,1334138,14,12,1327.0,6540.0,667.0,0.0,94.78571428571428,181.5680328401741,2800.0,0.0,545.0,906.341095735034,5896.691346772223,19.48823884785532,53365.52,226573.17143697749,1139410.0,0.0,1299647.0,99972.84615384613,312795.33378495433,1139410.0,155.0,1301426.0,118311.45454545456,350279.3464411979,1173317.0,0.0,0,0,456,392,10.493667071922095,8.994571775933224,0.0,2800.0,291.37037037037044,646.363683537381,417786.0113960116,0,2,0,14,25,0,0,0,0.0,302.5769230769231,94.78571428571428,545.0,0,0,51,0,251,64240,1047,7,32,0,0,0,0,0,0,0,0,BENIGN,Trafic normal,0.4567210522883125,2025-06-15 17:17:19
192.168.100.23,151.101.193.229,443,79604,6,4,664.0,5062.0,664.0,0.0,110.66666666666669,271.07686486800503,2752.0,0.0,1265.5,1472.3725751317158,71931.0587407668,125.62182804884178,8844.888888888889,12740.633034159297,31202.0,1.0,79604.0,15920.8,14691.551694766622,33211.0,837.0,36912.0,12304.0,21308.555065982306,36909.0,1.0,0,0,200,136,75.37309682930507,50.24873121953671,0.0,2752.0,520.5454545454545,1018.3249347468974,1036985.6727272728,0,2,1,3,9,0,0,0,0.0,572.6,110.66666666666669,1265.5,0,0,66,0,506,64240,273,1,32,0,0,0,0,0,0,0,0,BENIGN,Trafic normal,0.5916108653981651,2025-06-15 17:17:20
192.168.100.23,34.36.137.203,443,4577649,5,0,6785.0,0.0,1357.0,1357.0,1357.0,0.0,0.0,0.0,0.0,0.0,1482.2018900968596,1.092263736254134,1144412.25,949261.180852553,2445436.0,300416.0,4577649.0,1144412.25,949261.180852553,2445436.0,300416.0,0.0,0.0,0.0,0.0,0.0,0,0,40,0,1.092263736254134,0.0,1357.0,1357.0,1357.0,0.0,0.0,0,0,0,0,0,0,0,0,0.0,1628.4,1357.0,0.0,0,1,1357,0,0,0,0,4,8,0,0,0,0,0,0,0,0,BENIGN,Trafic normal,0.37065372572821714,2025-06-15 17:17:21
192.168.100.23,34.107.243.93,443,173753,8,7,860.0,3728.0,673.0,0.0,107.5,231.14621223063864,2800.0,0.0,532.5714285714286,1025.938571446143,26405.299476843567,86.32944467145892,12410.928571428572,16944.98925012386,40403.0,1.0,133986.0,19140.857142857145,19669.19117493626,43952.0,171.0,141117.0,23519.5,24055.970849250712,54445.0,1.0,0,0,264,232,46.04237049144476,40.28707418001416,0.0,2800.0,286.75000000000006,704.819929722006,496771.1333333334,0,2,0,8,14,0,0,0,0.0,305.8666666666667,107.5,532.5714285714286,0,0,57,0,248,64240,1048,4,32,0,0,0,0,0,0,0,0,BENIGN,Trafic normal,0.4957698713621797,2025-06-15 17:17:22
192.168.100.23,34.107.243.93,443,609831,10,8,2115.0,4109.0,1246.0,0.0,211.5,412.26508462395896,2800.0,0.0,513.625,966.5718416134416,10206.10628190433,29.51637420859221,35872.41176470588,50454.13568908254,142825.0,1.0,609831.0,67759.0,83378.25899177794,210793.0,160.0,574269.0,82038.42857142857,82963.65834680697,217694.0,1.0,0,0,328,264,16.39798567144012,13.118388537152097,0.0,2800.0,327.5789473684211,690.7502616551138,477135.92397660826,0,2,0,8,17,0,0,0,0.0,345.77777777777777,211.5,513.625,0,0,117,0,228,64240,1044,4,32,0,0,0,0,0,0,0,0,BENIGN,Trafic normal,0.6033270226421176,2025-06-15 17:17:23
192.168.100.23,151.101.193.229,443,272,3,0,0.0,0.0,0.0,0.0,0.0,0.0,0.0,0.0,0.0,0.0,0.0,11029.411764705885,136.0,76.36753236814714,190.0,82.0,272.0,136.0,76.36753236814714,190.0,82.0,0.0,0.0,0.0,0.0,0.0,0,0,60,0,11029.411764705885,0.0,0.0,0.0,0.0,0.0,0.0,0,0,3,0,0,0,0,0,0.0,0.0,0.0,0.0,0,1,0,0,0,0,0,0,20,0,0,0,0,0,0,0,0,DoS,Attaque par d√©ni de service,0.44421910866946995,2025-06-15 17:17:24
192.168.100.23,34.117.14.220,443,835236,21,23,3517.0,6183.0,1320.0,0.0,167.47619047619045,357.4702252003122,2800.0,0.0,268.8260869565217,622.5080249335901,11613.484093118592,52.67972165950702,19424.093023255817,41117.81459347665,213888.0,1.0,800023.0,40001.15,61487.089810767335,213888.0,149.0,803855.0,36538.86363636364,59446.0257522942,244553.0,1.0,0,0,692,744,25.142594428401075,27.53712723110594,0.0,2800.0,215.55555555555551,505.4550854767846,255484.8434343436,0,2,0,24,43,0,0,0,1.0,220.45454545454547,167.47619047619048,268.8260869565217,0,0,79,0,140,64240,1040,10,32,0,0,0,0,0,0,0,0,BENIGN,Trafic normal,0.4600893272539921,2025-06-15 17:17:25
192.168.100.23,151.101.193.229,443,252814,21,36,1150.0,77628.0,664.0,0.0,54.761904761904745,155.05512076739186,2752.0,0.0,2156.333333333333,1097.5112885849642,311604.5788603479,225.46219750488504,4514.535714285713,12165.727562541171,49020.0,0.0,252814.0,12640.699999999995,21848.020209235387,77691.0,118.0,211995.0,6056.999999999999,16377.382447251131,62311.0,0.0,0,0,680,1160,83.0650201333787,142.39717737150633,0.0,2752.0,1358.2413793103449,1344.871405974783,1808679.0986085904,0,2,0,34,56,0,0,0,1.0,1382.0701754385964,54.76190476190476,2156.333333333333,0,0,20,0,1361,64240,275,5,32,0,0,0,0,0,0,0,0,BENIGN,Trafic normal,0.42046060737639185,2025-06-15 17:17:26
192.168.100.23,34.149.100.209,443,4850917,70,100,2483.0,123535.0,247.0,0.0,35.471428571428575,61.107821418451145,2800.0,0.0,1235.3500000000004,1211.437032760446,25978.181032575903,35.044920372787246,28703.65088757397,117474.9421602834,1031422.0,0.0,4810447.0,69716.62318840578,189330.95631289648,1070408.0,75.0,4813423.0,48620.43434343433,161895.22119285958,1075022.0,0.0,0,0,2248,3208,14.43026132997122,20.61465904281603,0.0,2800.0,736.9473684210521,1099.1345540023103,1208096.7678018576,0,2,0,102,169,0,0,0,1.0,741.2823529411764,35.47142857142857,1235.35,0,0,14,0,726,64240,1050,24,32,0,0,0,0,0,0,0,0,BENIGN,Trafic normal,0.3813164538196343,2025-06-15 17:17:27
192.168.100.23,216.58.205.195,80,138000,4,3,427.0,1102.0,427.0,0.0,106.75,213.5,1102.0,0.0,367.3333333333333,636.2399966469676,11079.710144927536,50.724637681159415,23000.0,24896.861223857115,51375.0,59.0,138000.0,46000.0,46466.18335951426,94030.0,1274.0,95305.0,47652.5,5264.409985933847,51375.0,43930.0,0,0,136,104,28.98550724637681,21.73913043478261,0.0,1102.0,191.125,397.22301670472217,157786.125,0,2,0,2,6,0,0,0,0.0,218.42857142857144,106.75,367.3333333333333,0,0,61,0,157,64240,1050,1,32,0,0,0,0,0,0,0,0,BENIGN,Trafic normal,0.6865745358213289,2025-06-15 17:17:28
104.26.8.123,192.168.100.23,47392,22,1,1,0.0,0.0,0.0,0.0,0.0,0.0,0.0,0.0,0.0,0.0,0.0,90909.09090909093,22.0,0.0,22.0,22.0,0.0,0.0,0.0,0.0,0.0,0.0,0.0,0.0,0.0,0.0,0,0,32,32,45454.545454545456,45454.545454545456,0.0,0.0,0.0,0.0,0.0,1,0,0,0,2,0,0,0,1.0,0.0,0.0,0.0,0,0,0,0,0,16,532,0,32,0,0,0,0,0,0,0,0,BENIGN,Trafic normal,0.422334602377181,2025-06-15 17:17:29
192.168.100.23,34.117.14.220,443,41741,2,1,0.0,0.0,0.0,0.0,0.0,0.0,0.0,0.0,0.0,0.0,0.0,71.87178074315422,20870.5,29478.57460088598,41715.0,26.0,41741.0,41741.0,0.0,41741.0,41741.0,0.0,0.0,0.0,0.0,0.0,0,0,60,40,47.91452049543614,23.95726024771807,0.0,0.0,0.0,0.0,0.0,0,2,1,0,1,0,0,0,0.0,0.0,0.0,0.0,0,0,0,0,0,64240,65535,0,20,0,0,0,0,0,0,0,0,BENIGN,Trafic normal,0.7458805272097939,2025-06-15 17:17:30
